S.No,Customer Name,Gender,Date of Purchasing,Type of Cloth Purchased,Material of the Cloth,Colour of the Cloth,Price
1,Darren White,Male,2024-01-18,Skirt,Leather,Green,62.96
2,Alyssa Morton,Male,2024-02-11,Jacket,Linen,Green,41.88
3,Heather Jones,Male,2024-09-21,Shirt,Linen,White,20.57
4,Sabrina Henry,Male,2024-05-27,Jacket,Cotton,Purple,77.52
5,Audrey Scott,Female,2024-08-07,Skirt,Cotton,Yellow,126.02
6,Daniel Baird,Male,2024-06-12,Jacket,Cotton,Yellow,118.68
7,Darrell Brown,Female,2024-04-25,Jacket,Wool,White,39.98
8,Matthew Webb,Female,2024-01-25,Skirt,Leather,Purple,119.69
9,Diane Holt,Male,2024-09-11,Dress,Silk,Blue,59.72
10,Amanda Molina,Male,2024-07-16,Dress,Leather,Red,35.72
11,Eric Parker,Male,2024-06-14,Shirt,Polyester,Purple,25.08
12,Kathryn Munoz,Male,2024-10-06,Sweater,Wool,Green,48.75
13,Brandon Fernandez,Female,2024-08-18,T-Shirt,Wool,Pink,27.04
14,Kevin Robinson,Female,2024-02-21,T-Shirt,Leather,Green,117.83
15,Lindsay Taylor,Female,2024-03-10,Dress,Polyester,Green,70.16
16,Paul Barber,Male,2024-03-13,Sweater,Polyester,Purple,146.0
17,Gregg Pierce,Female,2024-05-30,Shorts,Polyester,Blue,55.02
18,Ronald Branch,Male,2024-08-22,Sweater,Wool,Green,38.57
19,Nicole Gray,Female,2024-07-15,Jacket,Cotton,Green,48.25
20,Aaron Cook,Female,2024-06-16,Sweater,Denim,Red,139.86
21,Samuel Hamilton,Female,2024-09-27,T-Shirt,Denim,Red,19.68
22,Brian Higgins,Male,2024-04-03,Skirt,Polyester,Green,56.01
23,Joanne Mcbride,Female,2024-08-07,Jacket,Linen,Yellow,127.93
24,Martin Bradshaw,Female,2024-08-05,Shorts,Denim,Purple,59.92
25,Richard Anderson,Male,2024-08-14,Shirt,Polyester,Black,91.98
26,Kim Christensen,Male,2024-07-09,Dress,Silk,Green,118.3
27,Peter Valencia,Female,2024-03-28,Sweater,Cotton,Green,48.85
28,Kenneth Owens,Male,2024-04-03,Jacket,Polyester,Yellow,73.66
29,David Edwards,Male,2024-04-09,T-Shirt,Silk,Red,123.29
30,Crystal Ferguson,Female,2024-04-06,Shirt,Silk,Blue,106.16
31,Susan May,Female,2024-03-27,T-Shirt,Linen,Green,53.06
32,Thomas Hall,Male,2024-06-28,Sweater,Polyester,Blue,92.24
33,Troy Thompson,Male,2024-08-09,Shirt,Linen,Green,86.06
34,Jason Hudson,Male,2024-04-13,Dress,Silk,Black,114.92
35,Gina Pugh,Male,2024-02-22,Dress,Denim,Purple,149.17
36,Diane Clark,Male,2024-01-30,T-Shirt,Silk,Green,25.32
37,Maria Ramirez MD,Male,2024-09-16,Shorts,Wool,Blue,19.95
38,Alison Miller,Female,2024-01-11,Dress,Denim,White,141.51
39,Jillian Velasquez,Female,2024-01-28,Sweater,Silk,Pink,11.96
40,Stephanie Smith,Female,2024-09-06,Jacket,Polyester,Yellow,85.32
41,Kim Wagner,Female,2024-06-30,Skirt,Wool,Blue,62.55
42,Tyler Chen,Male,2024-09-10,Jacket,Cotton,Red,50.78
43,Beverly Lopez,Male,2024-07-24,Sweater,Silk,Blue,127.93
44,Cory French,Female,2024-07-07,Sweater,Denim,Yellow,60.16
45,Marisa Lopez,Female,2024-09-16,Jeans,Leather,Blue,91.54
46,Danny Smith,Male,2024-07-30,Dress,Leather,Pink,33.84
47,Randall Wade,Female,2024-06-25,T-Shirt,Cotton,Black,34.55
48,Andrew Conley,Female,2024-10-04,Shorts,Cotton,Pink,129.2
49,Kathleen Martinez,Female,2024-07-08,Shirt,Polyester,White,77.96
50,Morgan Anderson,Male,2024-01-08,Shorts,Silk,Green,24.02
51,Chelsea Osborn,Male,2024-05-02,Jacket,Denim,White,135.9
52,Dana Brown,Female,2024-06-13,Dress,Polyester,Yellow,106.06
53,Robin Wells,Female,2024-06-20,Dress,Wool,Red,141.3
54,Zachary Rice,Female,2024-01-01,Skirt,Silk,White,101.04
55,Angela Evans,Female,2024-02-10,Shirt,Leather,Pink,29.91
56,Brandon Black,Male,2024-01-01,Sweater,Wool,White,98.34
57,Amanda Waters,Female,2024-02-17,Skirt,Wool,Pink,17.21
58,Tanya Watson,Female,2024-06-30,Jacket,Cotton,Blue,61.36
59,John Miller,Female,2024-03-20,Skirt,Silk,Black,87.81
60,Ana Thompson,Female,2024-06-29,T-Shirt,Denim,Blue,146.71
61,Connie Becker,Female,2024-07-20,T-Shirt,Polyester,Purple,139.52
62,Courtney Hall,Male,2024-05-11,Jacket,Linen,Purple,89.97
63,Carol Lee,Male,2024-04-23,Shorts,Silk,Yellow,130.27
64,Tina Hoover,Female,2024-04-21,Shorts,Polyester,Black,88.61
65,Darius Smith,Female,2024-02-07,Skirt,Denim,Yellow,117.91
66,Cynthia Vazquez,Male,2024-07-13,Dress,Polyester,Pink,46.86
67,Emily Burton,Female,2024-08-17,Skirt,Linen,Purple,102.99
68,Alyssa Richards,Male,2024-07-20,T-Shirt,Silk,Purple,92.75
69,Natalie Martin,Female,2024-05-25,Shorts,Leather,Yellow,83.23
70,Michael Walters,Female,2024-06-18,Dress,Denim,Red,54.51
71,Lisa Long,Female,2024-09-28,Shorts,Linen,Green,139.16
72,Tracey Jones,Female,2024-03-28,T-Shirt,Denim,Pink,49.6
73,Andrew Shields,Female,2024-10-04,Jeans,Polyester,Green,77.74
74,William Aguilar,Female,2024-04-06,Sweater,Linen,Green,33.26
75,Paula Henry,Female,2024-08-25,Dress,Cotton,Yellow,68.29
76,Phillip Walsh,Male,2024-06-29,Sweater,Denim,Pink,50.83
77,Lisa Tanner,Female,2024-03-17,Shirt,Leather,Pink,23.48
78,Benjamin Doyle,Male,2024-05-08,Sweater,Silk,Red,143.99
79,Mary Ball,Male,2024-09-14,T-Shirt,Wool,Pink,86.31
80,Alexis Cooke,Female,2024-01-27,T-Shirt,Wool,Black,92.96
81,Angela Carrillo,Male,2024-09-16,T-Shirt,Polyester,Yellow,60.62
82,Mark Day,Female,2024-02-24,Dress,Denim,Black,75.03
83,Cory Blanchard,Male,2024-04-27,Shorts,Leather,Blue,36.37
84,David Blankenship,Male,2024-07-25,Shirt,Denim,Blue,108.58
85,Elizabeth Taylor,Male,2024-01-10,Shorts,Cotton,Black,47.79
86,Mary Jones,Female,2024-08-20,Shorts,Silk,White,25.36
87,Latasha Smith,Male,2024-05-03,Sweater,Wool,White,84.72
88,Ethan Liu,Male,2024-08-22,Shirt,Leather,Red,32.22
89,Emily Campbell,Male,2024-01-06,Sweater,Polyester,Purple,19.41
90,Alexis Tucker,Male,2024-01-05,Skirt,Cotton,Black,139.94
91,Troy Archer,Female,2024-09-07,Sweater,Polyester,Pink,40.82
92,Misty Marshall,Male,2024-05-24,Dress,Wool,Green,128.82
93,Mark Goodwin,Female,2024-06-23,T-Shirt,Cotton,Pink,117.22
94,Robert Cooper,Male,2024-06-23,Dress,Polyester,Purple,144.7
95,Andrew Ellis,Female,2024-03-19,T-Shirt,Cotton,White,48.04
96,Diana Adkins,Male,2024-04-14,Jacket,Leather,Purple,62.64
97,Stephanie Murray,Male,2024-10-03,Skirt,Linen,Green,69.62
98,Gregory Leach,Male,2024-10-04,Shirt,Wool,Red,21.46
99,Beth Russell,Male,2024-10-01,T-Shirt,Leather,Black,53.38
100,Brenda Morales,Male,2024-03-16,Jeans,Cotton,Red,29.61
101,Crystal Maddox,Female,2024-02-15,Sweater,Linen,Yellow,41.67
102,Jeffrey Grant,Male,2024-08-07,Jacket,Silk,Pink,61.29
103,Terrance Francis,Male,2024-06-30,Jeans,Silk,Green,102.5
104,Tiffany Hopkins,Male,2024-02-04,Dress,Cotton,Black,105.56
105,Angela Mitchell,Female,2024-09-14,Jacket,Wool,Yellow,14.73
106,Jose Jarvis,Male,2024-03-22,Shirt,Denim,Green,63.08
107,Jennifer Meadows,Male,2024-01-24,Sweater,Cotton,Pink,76.09
108,Charles Wiggins,Female,2024-07-06,Dress,Linen,Green,18.89
109,Adam Howell,Female,2024-10-04,Jacket,Wool,White,76.01
110,Christine Walker,Female,2024-08-26,T-Shirt,Cotton,Blue,62.5
111,Shannon Adams,Female,2024-07-17,Sweater,Cotton,White,36.26
112,Sue Kirk,Male,2024-07-25,Jeans,Cotton,Green,51.71
113,Eric Parker,Male,2024-09-07,Dress,Denim,Pink,92.57
114,Wyatt Brown,Male,2024-08-03,Jeans,Polyester,Red,28.26
115,Nicole Charles,Female,2024-01-13,Shorts,Polyester,Pink,96.12
116,Rachel Brown,Female,2024-02-20,Skirt,Silk,Purple,50.71
117,David Garcia,Male,2024-04-01,T-Shirt,Wool,Red,114.12
118,Erin Marshall,Male,2024-08-27,Sweater,Denim,Purple,52.83
119,Gabriela Black,Female,2024-02-09,T-Shirt,Leather,Purple,34.62
120,Keith Allen,Male,2024-07-15,T-Shirt,Linen,White,71.85
121,Lisa Richardson,Female,2024-04-21,Jeans,Linen,Purple,120.32
122,George Ball,Female,2024-09-30,Shirt,Polyester,Pink,66.01
123,Charles Webb,Male,2024-04-09,T-Shirt,Denim,Black,69.62
124,Kayla Franco,Female,2024-06-09,Jeans,Wool,Red,61.0
125,David Wilson,Male,2024-05-06,T-Shirt,Wool,Pink,26.85
126,Leslie Fox,Female,2024-09-11,T-Shirt,Wool,Blue,145.8
127,Christopher Simmons,Male,2024-03-30,Skirt,Leather,Black,86.88
128,Nicholas Adams,Male,2024-02-13,Jacket,Denim,Yellow,26.48
129,Mark Wilkinson,Male,2024-06-24,Sweater,Leather,Yellow,135.26
130,Cassandra Valdez,Male,2024-05-16,Skirt,Linen,Red,33.48
131,Connie Vaughn,Female,2024-07-23,Skirt,Silk,Purple,136.39
132,Todd Morgan,Male,2024-05-05,Dress,Leather,Yellow,43.53
133,Melanie Henderson,Female,2024-09-25,Shorts,Denim,Purple,26.99
134,Jacob Miranda,Male,2024-07-22,Jacket,Linen,Black,139.57
135,Julie Farley,Female,2024-09-28,Jacket,Denim,Purple,77.93
136,Loretta Gates,Male,2024-01-02,Shorts,Denim,White,19.22
137,Pamela Hicks,Female,2024-05-22,T-Shirt,Cotton,Black,58.17
138,Michael Mcpherson,Female,2024-05-15,Shorts,Polyester,Red,86.55
139,Danny Henry,Female,2024-01-27,Skirt,Linen,Pink,84.08
140,Brent White,Male,2024-10-02,T-Shirt,Wool,Purple,108.94
141,Tara Gallagher,Male,2024-09-08,Shirt,Polyester,Green,87.03
142,Christopher Young,Female,2024-02-19,Sweater,Polyester,Yellow,144.94
143,Gerald Lee,Female,2024-02-27,Jeans,Denim,Yellow,69.34
144,Shane Fitzgerald,Female,2024-05-22,Skirt,Polyester,Pink,103.19
145,Kristen Velasquez,Male,2024-03-16,Skirt,Linen,White,96.3
146,Veronica Duncan,Female,2024-08-11,Jeans,Denim,White,30.55
147,Mariah Blackwell,Male,2024-03-29,Jacket,Leather,Purple,10.92
148,Nicholas Chandler,Male,2024-03-11,Dress,Polyester,Blue,135.22
149,Jeremiah Mathis,Female,2024-04-13,Sweater,Denim,Black,70.12
150,Lawrence Ortiz,Female,2024-01-24,Shirt,Cotton,Red,38.36
151,Erica Johnson,Female,2024-08-09,Jeans,Leather,Green,99.45
152,Ian Garrison,Male,2024-07-13,Jeans,Wool,Yellow,45.18
153,Amanda House,Female,2024-03-14,T-Shirt,Polyester,Blue,131.57
154,Abigail Barber,Male,2024-05-12,T-Shirt,Wool,Black,115.26
155,Amber Gordon,Male,2024-06-14,Skirt,Wool,Black,23.2
156,Heather Wright,Male,2024-09-25,Jacket,Silk,Purple,24.03
157,William Jackson,Male,2024-01-16,Shirt,Silk,Pink,114.47
158,Susan Smith,Male,2024-07-01,Jacket,Cotton,Blue,119.1
159,Diana Davis,Female,2024-05-04,Jacket,Silk,Black,57.82
160,John Edwards,Female,2024-09-20,Jeans,Leather,Blue,53.69
161,Amanda Olson,Male,2024-04-18,Shorts,Polyester,White,71.53
162,Alexandra Kaufman,Male,2024-02-21,Skirt,Polyester,Red,147.82
163,Christopher Lewis,Female,2024-03-11,Sweater,Leather,Purple,89.56
164,Ashley Adams,Male,2024-08-11,Jacket,Cotton,Yellow,53.28
165,Jason Moore,Female,2024-09-19,Jeans,Polyester,Green,112.92
166,Aimee Banks,Female,2024-05-24,T-Shirt,Silk,White,85.12
167,April Harris,Female,2024-08-08,Dress,Silk,Green,142.41
168,James Ross,Female,2024-08-08,Shorts,Denim,Red,107.0
169,Ian Woods II,Female,2024-07-14,Dress,Wool,Pink,45.29
170,Richard Johnston,Male,2024-04-28,T-Shirt,Leather,Yellow,139.72
171,Monica Collins,Male,2024-08-29,Dress,Linen,Purple,124.26
172,Michael Armstrong,Female,2024-02-22,Skirt,Wool,Purple,37.04
173,Jamie Morrison,Female,2024-08-11,Skirt,Wool,Red,77.77
174,April Anderson,Female,2024-10-03,Jeans,Silk,Red,11.76
175,Christine Pacheco,Male,2024-10-04,Jeans,Wool,Pink,81.1
176,Kyle Jackson,Female,2024-05-14,Skirt,Polyester,Black,98.96
177,Amber Flores,Female,2024-06-07,Shorts,Polyester,Green,106.36
178,Amber Gray,Male,2024-01-15,T-Shirt,Silk,Pink,115.92
179,Christopher Coleman,Female,2024-06-01,Sweater,Silk,Red,116.22
180,Donna Smith,Female,2024-07-09,Jacket,Linen,White,113.49
181,Sandra Campbell,Male,2024-07-08,Skirt,Wool,White,26.98
182,Renee Dawson,Male,2024-07-10,Skirt,Cotton,Yellow,126.29
183,Robert Graham,Male,2024-05-06,Shorts,Leather,Pink,19.46
184,Patricia Casey,Male,2024-06-17,Shorts,Wool,White,127.95
185,Tammy Mccoy,Female,2024-08-26,Dress,Cotton,Black,58.58
186,Chad Elliott,Female,2024-08-04,Shirt,Leather,White,145.62
187,Daniel Brown,Male,2024-08-28,Skirt,Linen,Red,64.25
188,Stephanie Thompson,Female,2024-01-21,Sweater,Denim,Purple,75.12
189,Theresa Bishop,Female,2024-04-26,T-Shirt,Denim,Blue,126.82
190,Tracy Cannon,Male,2024-09-20,Jeans,Cotton,White,38.9
191,Tonya Harris,Female,2024-03-30,T-Shirt,Polyester,Purple,35.73
192,Dawn Glenn,Female,2024-08-17,Sweater,Cotton,Pink,28.27
193,Shaun Howard,Male,2024-07-09,T-Shirt,Cotton,Yellow,19.65
194,Brian Sellers,Female,2024-08-10,Skirt,Silk,Yellow,74.79
195,Alexandra Duncan,Male,2024-07-09,Skirt,Leather,Green,128.45
196,Jennifer Wood,Female,2024-09-05,Skirt,Linen,Red,46.45
197,Dr. Jeffrey Duran,Male,2024-07-28,T-Shirt,Silk,Yellow,68.82
198,Jessica Lopez,Female,2024-02-03,Sweater,Leather,Yellow,51.45
199,Olivia Obrien,Female,2024-06-11,Sweater,Silk,Green,21.19
200,Robert Davis,Female,2024-09-03,Jacket,Denim,Yellow,95.22
201,Ashley Burns,Male,2024-07-04,Dress,Leather,Purple,42.45
202,Maria Perez,Male,2024-09-28,Shirt,Polyester,Yellow,119.25
203,Dwayne Simpson,Female,2024-04-22,Sweater,Leather,Green,130.66
204,Megan Morrison,Male,2024-06-06,Skirt,Polyester,Green,82.93
205,Jamie Harris,Female,2024-03-22,T-Shirt,Silk,Green,13.25
206,Tammy Roberson,Female,2024-04-07,T-Shirt,Leather,Blue,95.98
207,Susan Bird,Female,2024-08-14,T-Shirt,Linen,Blue,85.23
208,Connie Gibson,Male,2024-05-30,Dress,Leather,White,39.21
209,Wayne Clark,Male,2024-01-15,T-Shirt,Cotton,Pink,17.27
210,Mr. Zachary Powers,Female,2024-09-13,Jacket,Wool,Pink,37.14
211,William Strickland,Female,2024-04-21,Sweater,Silk,Red,118.24
212,Michael Riley,Female,2024-04-11,Skirt,Polyester,Black,96.63
213,Maria Sanchez,Female,2024-06-01,Jeans,Leather,Green,126.57
214,Andrew Parrish,Female,2024-08-08,Jacket,Cotton,Red,73.65
215,Michael Green,Male,2024-09-04,Jeans,Linen,Red,25.79
216,Michael Thomas,Female,2024-01-19,Skirt,Wool,Red,96.54
217,Jorge Smith,Female,2024-05-02,Skirt,Leather,Green,122.8
218,Wanda Moore,Female,2024-03-14,Shirt,Silk,Pink,93.63
219,Tina Weber,Female,2024-07-16,Shorts,Linen,Yellow,106.66
220,Michael Thomas,Female,2024-04-08,Shorts,Polyester,Yellow,69.1
221,Austin Sampson,Female,2024-06-11,Skirt,Wool,Blue,135.26
222,Michael Davis,Male,2024-01-30,Shorts,Linen,Pink,126.19
223,Christy Green,Male,2024-07-15,Shorts,Cotton,Green,147.1
224,Crystal Adams,Female,2024-06-11,Jeans,Silk,Red,119.26
225,Jeff Fisher,Male,2024-06-27,Dress,Polyester,Blue,52.05
226,Jacqueline Mayo,Female,2024-08-17,T-Shirt,Leather,Black,101.1
227,Andrew Day,Female,2024-08-21,Jeans,Wool,Black,11.88
228,Ryan Sanchez,Male,2024-02-17,Skirt,Leather,Pink,145.09
229,Charles Berg,Female,2024-08-08,T-Shirt,Wool,Green,93.06
230,Jonathan Barker,Male,2024-03-14,Sweater,Polyester,White,51.08
231,Teresa Morris,Male,2024-06-28,Jacket,Cotton,Purple,101.98
232,Sandra James,Male,2024-09-02,Dress,Linen,Black,39.13
233,James Klein,Male,2024-09-25,T-Shirt,Polyester,Pink,98.06
234,Lance Jones,Female,2024-05-14,Skirt,Silk,Yellow,33.58
235,Jillian Best,Male,2024-08-28,Jacket,Silk,Red,140.75
236,Shawn Mccarty,Male,2024-09-02,Skirt,Linen,Purple,96.75
237,Michael Hansen,Male,2024-03-20,Jeans,Leather,Green,15.72
238,Jason Bean,Male,2024-06-30,Jacket,Silk,Blue,138.23
239,Rhonda Weber,Male,2024-02-28,Shorts,Cotton,Yellow,113.21
240,Carla Roberts,Male,2024-01-04,Sweater,Wool,Pink,94.41
241,Katherine Murphy,Female,2024-02-29,Jacket,Cotton,Blue,86.75
242,Donna Austin,Female,2024-04-21,Skirt,Linen,Pink,37.89
243,Amy Cox,Female,2024-03-30,Skirt,Denim,Purple,113.13
244,Anthony Heath,Male,2024-08-05,Jacket,Denim,Black,62.68
245,Daniel Warner,Male,2024-04-26,Sweater,Leather,Red,69.22
246,Jeffrey Wu,Male,2024-07-28,Jeans,Linen,Red,107.89
247,Alex Diaz,Male,2024-07-24,T-Shirt,Wool,Blue,41.95
248,Victoria Roberts,Male,2024-03-31,Dress,Linen,Pink,130.85
249,Chase Mccoy,Male,2024-08-24,Jacket,Linen,Red,42.2
250,Alexa Robinson,Female,2024-04-29,Jeans,Polyester,Yellow,14.7
251,Christopher Bailey,Male,2024-02-29,Shorts,Polyester,Black,94.14
252,Lauren Simpson,Male,2024-08-13,Dress,Silk,Yellow,71.97
253,Tyrone Scott,Female,2024-01-08,Sweater,Silk,Green,122.38
254,Gerald Lawson,Female,2024-09-28,Sweater,Leather,Green,35.94
255,Dr. Jeffrey Trujillo,Male,2024-06-01,Sweater,Linen,White,139.75
256,Alexis Taylor,Male,2024-05-10,T-Shirt,Linen,White,84.51
257,Manuel Holt,Female,2024-07-24,Shorts,Wool,Pink,55.61
258,Nicholas Hughes,Female,2024-02-24,Skirt,Wool,Blue,69.02
259,David Rocha,Male,2024-07-27,Dress,Silk,Purple,144.23
260,Nathan Mccullough,Male,2024-01-13,T-Shirt,Cotton,Black,30.65
261,Robert Ward,Male,2024-07-22,Skirt,Wool,Black,10.71
262,Michael Wilson,Female,2024-10-06,Sweater,Wool,Black,72.61
263,Joshua Mann,Male,2024-01-28,Sweater,Polyester,Green,118.57
264,Nancy Jones,Male,2024-01-18,Skirt,Linen,Yellow,109.27
265,Lori Hogan,Male,2024-04-07,Shirt,Cotton,Red,33.71
266,Sean Ellis,Male,2024-08-29,Sweater,Polyester,Black,93.44
267,Jerry Rogers,Female,2024-05-23,Shorts,Cotton,Pink,142.08
268,Elaine Hansen,Male,2024-06-09,Dress,Silk,Black,94.25
269,Brittany Smith,Female,2024-09-27,Jacket,Silk,Blue,148.78
270,Larry Rodriguez,Female,2024-08-05,Shirt,Wool,Yellow,33.1
271,Grace Mercado,Female,2024-09-08,Skirt,Leather,Black,110.34
272,Autumn Lucas,Female,2024-07-22,Skirt,Silk,Green,22.5
273,Angela Bradley,Female,2024-04-03,Skirt,Silk,Red,57.73
274,Justin Williams,Female,2024-08-23,Shirt,Polyester,Green,103.76
275,Raymond Mcintyre,Male,2024-01-21,Skirt,Wool,Red,145.25
276,Laura Rodriguez,Female,2024-01-09,T-Shirt,Wool,Black,102.83
277,Drew Sullivan,Male,2024-03-12,Shorts,Cotton,Black,111.93
278,Samuel Garcia,Female,2024-07-27,Skirt,Wool,Green,82.08
279,Brandon Duran DDS,Male,2024-03-16,T-Shirt,Silk,Black,49.93
280,Sylvia Wagner,Female,2024-03-25,Skirt,Leather,Red,84.78
281,Breanna Jackson,Female,2024-04-11,Sweater,Leather,Yellow,25.51
282,Stephanie Cochran,Female,2024-04-12,Jeans,Polyester,Yellow,78.09
283,Diane Casey,Male,2024-03-15,Jeans,Denim,Black,66.52
284,Travis Brown,Male,2024-08-15,Jeans,Cotton,Black,35.87
285,Rebekah Dixon,Female,2024-08-07,Skirt,Leather,Green,68.09
286,Robert Moon,Female,2024-05-16,T-Shirt,Denim,Red,74.65
287,Barbara Williams,Female,2024-04-25,Sweater,Linen,Red,76.91
288,Nancy House,Male,2024-01-25,T-Shirt,Leather,Pink,55.26
289,Amanda Reyes,Male,2024-03-12,Skirt,Cotton,White,122.2
290,David Roman,Male,2024-02-08,T-Shirt,Wool,Purple,33.05
291,Joel Griffin,Male,2024-06-25,T-Shirt,Wool,Purple,27.09
292,Jennifer Thompson,Male,2024-05-13,Shirt,Silk,White,17.87
293,Joseph Long,Female,2024-04-08,Jeans,Denim,Green,82.0
294,Laura Watson,Male,2024-01-23,Shirt,Silk,Yellow,64.51
295,James Turner,Male,2024-08-13,Jacket,Silk,Red,144.32
296,Melissa Romero,Male,2024-07-13,Shorts,Polyester,Green,12.91
297,Cynthia Rangel,Male,2024-05-08,Dress,Cotton,Black,147.98
298,Jeffrey Dominguez,Female,2024-09-10,Shorts,Linen,Pink,137.48
299,Christopher Dominguez,Female,2024-04-02,Jacket,Silk,Black,63.51
300,Sean Weeks,Female,2024-03-20,Jeans,Leather,Purple,103.19
301,Courtney Torres,Male,2024-06-10,Shirt,Polyester,Yellow,42.23
302,Wyatt Pope,Female,2024-09-05,T-Shirt,Polyester,Red,51.52
303,Angela Hernandez,Female,2024-06-23,Skirt,Silk,Blue,31.31
304,Christopher Thomas,Female,2024-10-01,Skirt,Silk,Blue,76.28
305,Herbert Carroll,Male,2024-09-02,Jacket,Leather,Black,84.48
306,Stephen Johns,Male,2024-09-06,Shirt,Silk,Pink,108.95
307,Jonathan Woodard,Female,2024-06-02,Skirt,Linen,Purple,131.95
308,Paul Jacobs,Female,2024-10-06,Jacket,Denim,Purple,62.15
309,Jeffrey Duffy,Male,2024-03-24,Skirt,Cotton,Blue,126.51
310,Kelly Thomas,Male,2024-06-22,Shirt,Wool,White,146.24
311,Frederick Mcdonald,Female,2024-08-24,Sweater,Cotton,Yellow,41.26
312,Andrew Carter,Female,2024-07-13,Shirt,Wool,Green,35.82
313,Lauren Brewer,Male,2024-08-31,Jeans,Leather,Pink,68.46
314,Ralph Charles,Female,2024-01-08,Shirt,Polyester,Purple,60.3
315,Jill White,Female,2024-07-14,Shirt,Leather,Black,129.47
316,Emily Harris,Male,2024-08-16,Shirt,Polyester,Pink,89.87
317,Richard Michael,Female,2024-07-08,Shorts,Polyester,Yellow,97.95
318,Frank Vance,Female,2024-05-07,Skirt,Polyester,White,107.62
319,Robert Stephens,Male,2024-06-24,Skirt,Polyester,Yellow,56.14
320,Tara Gonzalez,Male,2024-05-25,Dress,Polyester,Black,143.36
321,Tracy Flores,Female,2024-05-27,Jacket,Linen,Black,50.55
322,Alexandra Fields,Female,2024-05-22,Jacket,Cotton,Blue,24.52
323,Jessica Parker,Male,2024-05-12,Jeans,Wool,Green,72.88
324,Jill Alvarez,Female,2024-05-08,Jeans,Polyester,Blue,11.78
325,Ryan Booth,Female,2024-04-25,Dress,Wool,Yellow,126.43
326,Mary Jones,Male,2024-05-01,Skirt,Linen,Blue,138.21
327,Lynn Caldwell PhD,Male,2024-03-28,Skirt,Polyester,Purple,134.45
328,Alvin Young,Male,2024-06-02,Shirt,Linen,Blue,88.05
329,William Russo,Female,2024-02-01,Jacket,Silk,Black,57.1
330,Sarah Moon,Female,2024-10-05,Jeans,Polyester,Purple,143.14
331,Linda Dunn,Male,2024-02-08,Sweater,Polyester,Blue,11.27
332,Christopher Sandoval,Male,2024-02-02,Skirt,Leather,Red,20.1
333,Stephanie Smith,Male,2024-04-13,Jeans,Denim,Green,52.91
334,Tiffany Jones,Female,2024-03-22,Sweater,Denim,White,64.79
335,Michael Mendoza,Male,2024-06-02,T-Shirt,Leather,Green,139.73
336,Jessica Rios,Male,2024-02-05,T-Shirt,Leather,Green,114.7
337,Jesus Rose,Male,2024-07-30,Jacket,Cotton,Green,91.23
338,Justin Jones,Female,2024-05-03,T-Shirt,Leather,Pink,28.13
339,Ryan Mcdaniel,Male,2024-08-09,T-Shirt,Denim,Yellow,65.69
340,Brent Caldwell,Female,2024-05-29,T-Shirt,Linen,Black,107.82
341,Melissa Miller,Female,2024-08-23,Sweater,Denim,White,67.56
342,Cheryl Kelly,Male,2024-05-21,Shorts,Linen,Yellow,57.38
343,James Griffin,Male,2024-03-26,Dress,Cotton,Red,140.08
344,Susan Rodriguez,Female,2024-04-18,Shirt,Cotton,Green,89.83
345,Tammy Fernandez,Male,2024-02-21,Jacket,Denim,Purple,34.53
346,Kenneth Gregory,Male,2024-09-08,Dress,Leather,Yellow,13.88
347,Brian Smith,Female,2024-04-01,Dress,Denim,Green,79.24
348,Omar Compton,Female,2024-07-28,Shorts,Silk,Red,117.9
349,Veronica Bishop,Female,2024-07-20,Sweater,Leather,White,84.55
350,Michael Vargas,Female,2024-06-11,T-Shirt,Denim,Red,18.91
351,Carl Johnson,Female,2024-04-11,Skirt,Silk,Red,122.88
352,Alexander Ferguson,Female,2024-07-10,Jacket,Denim,White,109.12
353,Julie Mata,Female,2024-02-03,Jeans,Wool,Blue,40.95
354,Jacob Gonzales,Female,2024-02-03,Dress,Cotton,Blue,29.02
355,Ryan Cisneros,Female,2024-04-07,Shorts,Leather,Green,122.02
356,Janice Ellis,Female,2024-09-24,Dress,Linen,Blue,105.06
357,Jonathan Taylor,Female,2024-05-29,Sweater,Silk,Blue,77.73
358,Brian Smith,Female,2024-09-27,Shorts,Denim,Yellow,32.58
359,Michael Dunn,Female,2024-02-14,Skirt,Cotton,White,144.75
360,John Warner,Female,2024-01-29,Shirt,Wool,Green,109.53
361,Melissa Rice,Female,2024-09-07,Shirt,Cotton,Blue,21.94
362,Michael Reyes,Male,2024-01-28,Sweater,Linen,Green,63.09
363,Kirk Green,Female,2024-01-16,Dress,Wool,White,83.04
364,Tammy Cunningham,Female,2024-05-08,Shirt,Wool,White,126.46
365,Cole Jones,Male,2024-06-20,Jacket,Silk,White,53.67
366,Allen Schmidt,Female,2024-01-02,Jacket,Linen,Blue,65.82
367,Melanie Lindsey,Female,2024-08-20,Skirt,Cotton,White,74.12
368,Shannon Yoder,Female,2024-01-14,Dress,Leather,Pink,94.03
369,Joshua Salazar,Female,2024-01-09,Dress,Leather,Yellow,89.2
370,Janice Vargas,Male,2024-09-19,Jacket,Cotton,Yellow,43.7
371,Leah Reynolds,Male,2024-04-28,T-Shirt,Silk,Pink,122.13
372,Donna Miller,Male,2024-05-30,Skirt,Silk,Black,28.47
373,Cassandra Lopez,Female,2024-01-15,Dress,Cotton,Green,51.11
374,Roy Hester,Female,2024-05-12,Skirt,Leather,White,25.84
375,Angela Miller,Male,2024-10-06,T-Shirt,Polyester,Yellow,60.45
376,Dennis Macias,Female,2024-08-07,T-Shirt,Leather,Blue,126.6
377,Melissa Moore,Female,2024-04-25,Dress,Linen,White,20.96
378,Aimee Woods,Female,2024-05-10,Jacket,Silk,Green,20.41
379,Devon Hanna,Female,2024-08-16,Shorts,Wool,Yellow,61.52
380,Daniel Mitchell,Female,2024-01-02,Dress,Polyester,Blue,134.59
381,Michael Perkins,Male,2024-02-09,Jacket,Denim,Green,80.25
382,Kelly Levine,Female,2024-09-29,Dress,Leather,Blue,109.14
383,Lawrence Johnson,Male,2024-02-28,Sweater,Denim,Purple,17.21
384,Sharon Brown,Male,2024-09-28,Dress,Denim,White,59.99
385,Benjamin Hodges,Male,2024-08-07,Shirt,Denim,Black,145.51
386,Jennifer Jackson,Male,2024-02-20,Dress,Leather,Blue,81.01
387,Monica Phelps,Male,2024-02-01,Sweater,Polyester,Yellow,71.05
388,Kathy Gutierrez,Male,2024-04-03,Jacket,Wool,Purple,71.91
389,Calvin Morris,Female,2024-09-03,Sweater,Cotton,Green,87.81
390,Eric Wolf,Female,2024-07-19,Jeans,Leather,Red,145.5
391,Christopher Simmons,Female,2024-03-20,Skirt,Cotton,Purple,131.79
392,Meghan Newman,Male,2024-08-27,Jacket,Linen,Red,76.23
393,Travis Foley,Female,2024-09-19,Jacket,Wool,Pink,100.15
394,Mrs. Nancy Anderson MD,Male,2024-02-12,Shorts,Linen,Yellow,111.34
395,Morgan Ramos,Female,2024-01-21,T-Shirt,Denim,Purple,93.9
396,Ashley Alvarez,Male,2024-07-01,Sweater,Polyester,Pink,18.72
397,Kayla Wilson,Male,2024-03-20,Jacket,Denim,White,19.09
398,Benjamin Madden,Male,2024-09-02,Jeans,Cotton,Pink,99.28
399,Elaine Banks,Female,2024-05-26,Dress,Denim,Yellow,135.6
400,Michael Hawkins DDS,Female,2024-05-15,T-Shirt,Denim,White,31.47
401,David Copeland,Male,2024-08-11,Sweater,Denim,Green,143.12
402,Tony Mack,Female,2024-03-03,T-Shirt,Wool,Black,127.06
403,Robin Wyatt,Male,2024-07-23,Dress,Leather,Yellow,34.63
404,Richard Becker,Female,2024-08-27,Shirt,Leather,Blue,36.84
405,Logan Martinez,Male,2024-07-24,Shorts,Leather,Green,121.46
406,Charles Blevins,Female,2024-02-23,Shorts,Denim,White,64.17
407,Jeremy Burke,Male,2024-06-22,Jeans,Cotton,Yellow,53.95
408,Angela Nunez,Female,2024-01-10,Jeans,Leather,White,59.64
409,Thomas Hawkins,Female,2024-06-14,T-Shirt,Leather,Purple,22.14
410,Anthony Hill,Female,2024-05-06,Jacket,Polyester,Pink,125.48
411,Christopher Baker,Male,2024-04-10,Shirt,Cotton,White,56.56
412,Elizabeth Ayers,Female,2024-06-15,Sweater,Polyester,Blue,78.88
413,Thomas Floyd,Male,2024-04-17,Skirt,Denim,Green,116.48
414,Rachel Woods,Male,2024-02-25,Shorts,Linen,Yellow,90.88
415,Kelsey Hammond,Male,2024-09-26,Sweater,Leather,Purple,55.64
416,Ernest Richmond,Male,2024-07-31,Sweater,Wool,Black,33.49
417,William Black,Male,2024-05-26,Skirt,Cotton,Pink,30.03
418,Gerald Collier,Male,2024-02-24,Dress,Polyester,Purple,147.92
419,Kevin Flynn,Male,2024-01-03,Sweater,Linen,Red,19.06
420,Kenneth Williams,Female,2024-07-04,Jacket,Leather,Green,133.87
421,Douglas Nichols,Male,2024-09-10,Jeans,Wool,Black,121.98
422,Mark Booker,Female,2024-07-03,Shorts,Silk,Red,148.65
423,Ruben Rojas,Male,2024-07-16,Shirt,Wool,Red,106.92
424,Breanna Galloway,Male,2024-03-08,Shorts,Leather,Blue,75.41
425,Eric Jensen,Female,2024-02-08,Jeans,Denim,Yellow,33.83
426,Sherry Hudson,Male,2024-04-10,Jacket,Polyester,Green,46.01
427,Shari Miller,Female,2024-04-29,Jacket,Wool,White,146.89
428,Nicole Lozano,Male,2024-02-26,Jacket,Wool,Pink,12.69
429,Bradley Flores,Male,2024-07-23,Shorts,Silk,Green,100.35
430,Brian Duran,Female,2024-03-29,Jeans,Silk,Green,107.19
431,Samuel Chang,Male,2024-08-15,Jacket,Linen,Yellow,17.7
432,Joseph Williams,Female,2024-09-11,T-Shirt,Cotton,Pink,132.38
433,George Davis,Male,2024-01-17,Sweater,Leather,White,65.06
434,Joshua Berg,Female,2024-09-24,T-Shirt,Denim,Red,38.46
435,Margaret Hansen,Male,2024-04-06,T-Shirt,Linen,Red,91.22
436,Angela Vaughan,Male,2024-01-13,Shirt,Polyester,Green,148.11
437,Stephen Hunt,Male,2024-09-15,Jacket,Denim,Black,141.94
438,Amanda Flowers,Male,2024-04-24,Skirt,Denim,Yellow,55.82
439,Paige Mclean,Male,2024-02-15,T-Shirt,Wool,Green,10.48
440,Troy Mitchell,Female,2024-02-19,Shirt,Cotton,Black,11.17
441,Christopher Gutierrez,Male,2024-07-25,Jeans,Leather,Green,120.93
442,Sheryl Smith,Male,2024-09-09,Skirt,Denim,Pink,52.58
443,Kevin Foster,Male,2024-02-26,Shirt,Linen,Purple,149.19
444,Patrick Howard,Female,2024-05-18,Sweater,Denim,White,16.39
445,David Watson,Female,2024-04-30,Dress,Denim,Purple,142.19
446,Jonathan Thomas,Female,2024-07-29,Jeans,Leather,Black,31.18
447,David Taylor MD,Male,2024-03-20,Shorts,Denim,Pink,46.32
448,William Duffy,Male,2024-09-28,T-Shirt,Linen,Black,53.24
449,Daniel Foster,Male,2024-06-26,T-Shirt,Leather,Green,24.36
450,Cheryl Parker,Male,2024-09-10,Shirt,Polyester,Black,139.77
451,Robert Chen,Male,2024-10-03,Shorts,Leather,Purple,21.25
452,Kevin Martinez,Female,2024-09-27,Dress,Silk,Red,17.4
453,Matthew Rose,Male,2024-02-01,Dress,Linen,Pink,125.67
454,Jesus Johnson,Male,2024-09-15,Shorts,Silk,Blue,50.55
455,Amber Mccarty,Male,2024-09-08,Shirt,Cotton,White,90.94
456,Michael Hernandez,Male,2024-07-22,Jeans,Leather,Blue,20.7
457,Benjamin Phillips,Female,2024-09-21,Jacket,Linen,Red,40.99
458,James Walker,Male,2024-10-06,Jacket,Leather,Purple,11.35
459,Matthew Price,Male,2024-09-06,T-Shirt,Silk,Yellow,32.92
460,Katherine Lee,Female,2024-07-08,T-Shirt,Linen,Purple,50.7
461,Carlos Powell,Female,2024-01-02,Skirt,Silk,Red,50.22
462,Stacy Waller,Female,2024-02-29,T-Shirt,Linen,Pink,103.46
463,Diamond Combs,Male,2024-07-02,Shorts,Denim,Purple,129.51
464,Christina Long,Female,2024-03-09,T-Shirt,Leather,Black,28.26
465,Tommy Wilkerson,Male,2024-08-26,Dress,Cotton,Red,83.91
466,Michael Tran,Male,2024-09-01,Jeans,Leather,Yellow,140.34
467,Jordan Quinn,Female,2024-02-18,Sweater,Silk,White,97.57
468,Tamara Cooper,Female,2024-06-05,T-Shirt,Wool,Purple,42.83
469,Sabrina Freeman,Female,2024-07-17,Sweater,Leather,Yellow,134.67
470,Martin Clark,Female,2024-01-09,Shirt,Silk,Blue,26.52
471,Mark Sweeney,Male,2024-07-31,Sweater,Silk,Blue,113.28
472,Sara Holmes,Male,2024-04-01,Jeans,Cotton,Pink,142.03
473,Samuel Bailey,Male,2024-05-22,Shirt,Linen,Blue,52.34
474,Lisa Becker,Female,2024-08-24,Sweater,Wool,Blue,145.4
475,Billy Quinn,Male,2024-01-24,Jeans,Cotton,Blue,46.8
476,Nichole Martin,Female,2024-07-13,Dress,Silk,Red,31.73
477,Emma Reed,Male,2024-04-09,Shorts,Silk,Yellow,78.17
478,Joseph Mckenzie,Female,2024-05-02,Dress,Denim,Red,129.53
479,Terri Lindsey,Male,2024-08-28,Shirt,Linen,White,87.51
480,Kenneth Smith,Male,2024-05-17,Jeans,Linen,White,58.21
481,Debbie Skinner,Male,2024-07-18,Sweater,Denim,Yellow,58.36
482,Marvin Lee,Male,2024-05-29,Jeans,Silk,Yellow,73.13
483,Karen Harding,Male,2024-07-20,Dress,Polyester,Pink,118.81
484,Dr. Connor Weeks,Female,2024-03-29,Jacket,Leather,Pink,31.55
485,Wesley Jacobs,Female,2024-09-02,Jeans,Leather,White,40.42
486,Russell Stevens,Male,2024-08-19,Sweater,Denim,Red,61.47
487,Lindsay Larson,Female,2024-06-24,Dress,Leather,Green,50.51
488,Laura Glover,Male,2024-02-10,Skirt,Cotton,Black,77.3
489,Joseph Shaw,Female,2024-08-28,T-Shirt,Wool,White,15.77
490,Melissa Sanchez,Female,2024-02-21,Shirt,Denim,Purple,34.12
491,Michael Allen,Male,2024-09-16,Skirt,Wool,White,85.59
492,Stephen Rice,Male,2024-01-29,Dress,Linen,Black,128.14
493,Donald Wright,Female,2024-03-04,Jacket,Silk,Purple,89.45
494,Jason Duncan,Female,2024-07-08,Jeans,Wool,Pink,85.32
495,Jason Wilson,Male,2024-08-11,Skirt,Wool,Black,121.55
496,Regina Jackson,Male,2024-09-27,Dress,Leather,Red,141.26
497,Pamela Henry,Female,2024-05-28,T-Shirt,Cotton,White,19.57
498,Kelsey Stark,Male,2024-05-26,Skirt,Polyester,Yellow,148.7
499,Kelly Barker,Female,2024-08-25,Shorts,Silk,Pink,100.0
500,Emily Maxwell,Male,2024-07-08,Sweater,Linen,Red,143.71
501,Matthew Robinson,Female,2024-03-28,Shirt,Polyester,White,27.54
502,Kimberly Walton,Female,2024-05-09,Jeans,Leather,Green,74.27
503,Jason Ferguson,Female,2024-04-03,Skirt,Leather,Purple,13.66
504,Nathan Zhang,Female,2024-06-03,Jacket,Wool,Blue,95.77
505,Ashley Lindsey,Female,2024-04-21,Dress,Wool,White,44.58
506,Cynthia Miller,Male,2024-09-08,Jeans,Wool,Pink,97.07
507,Nicholas Nguyen,Female,2024-01-05,Jacket,Wool,Purple,102.84
508,Andrew Hull,Female,2024-01-23,Jeans,Linen,Pink,69.89
509,Justin Bailey,Male,2024-09-04,Jacket,Denim,Green,36.47
510,Christopher Caldwell,Male,2024-08-09,Skirt,Polyester,Black,69.5
511,Rebecca Kaiser,Male,2024-01-12,Sweater,Denim,White,16.43
512,Mary Bennett,Female,2024-05-27,Jacket,Wool,Blue,23.18
513,Paul Moore,Male,2024-06-03,Sweater,Silk,Green,45.61
514,James Taylor,Female,2024-07-06,Dress,Denim,White,17.98
515,Renee Molina,Male,2024-01-26,Jeans,Linen,White,102.4
516,Shelby Moore,Female,2024-02-01,Jacket,Cotton,Red,117.8
517,Alexander Perez,Male,2024-05-16,Shorts,Cotton,Red,117.67
518,Jade Cervantes,Female,2024-09-30,T-Shirt,Silk,White,53.74
519,Kenneth May,Male,2024-10-03,Shirt,Denim,Purple,130.33
520,Tracy Jones,Male,2024-04-20,Shorts,Wool,White,103.34
521,Rebecca Davis,Male,2024-09-28,Sweater,Linen,Purple,145.66
522,Dustin Morris,Female,2024-04-06,T-Shirt,Silk,Green,48.44
523,James Gonzales,Male,2024-01-11,Skirt,Silk,Blue,91.02
524,Bryan Moore,Female,2024-06-07,Dress,Wool,Black,71.98
525,Vicki Graham,Female,2024-08-26,Dress,Wool,Purple,50.5
526,Brenda Randolph,Female,2024-05-24,T-Shirt,Linen,Pink,44.33
527,Benjamin Avery,Male,2024-09-28,T-Shirt,Leather,Yellow,82.14
528,Anna Oneill,Female,2024-02-08,Jacket,Polyester,Red,42.71
529,Trevor Chapman,Female,2024-07-02,Sweater,Wool,Black,132.77
530,Brittany Salas,Female,2024-09-02,Dress,Wool,White,97.37
531,Mark Richards,Male,2024-02-01,Dress,Polyester,Black,88.23
532,Robin Walker,Male,2024-09-12,Jeans,Denim,Green,91.25
533,Kenneth Fernandez,Male,2024-02-24,Shorts,Silk,Red,136.93
534,Christopher Johnson,Male,2024-07-21,Jacket,Silk,Black,118.27
535,Phyllis Knight,Male,2024-04-29,Jeans,Polyester,Purple,25.39
536,Frank Pacheco,Female,2024-06-02,Sweater,Silk,Blue,79.32
537,Sheila Griffin,Female,2024-05-04,Jacket,Denim,Green,15.95
538,Todd Torres,Female,2024-07-01,Shorts,Cotton,Purple,147.18
539,Sherri Vincent,Female,2024-01-01,Shorts,Polyester,Pink,90.39
540,Cindy Gilmore,Female,2024-04-09,Jacket,Linen,Blue,68.38
541,Katherine Munoz,Male,2024-01-05,Skirt,Linen,White,19.07
542,David Thompson,Male,2024-08-18,Shirt,Cotton,Red,108.06
543,Tracy Thompson,Female,2024-01-30,T-Shirt,Leather,Green,85.97
544,Brandon Hurley,Female,2024-07-27,Shirt,Silk,Green,30.52
545,Vickie Cook,Female,2024-03-30,Skirt,Leather,White,79.96
546,Linda Cox,Female,2024-07-17,Shorts,Silk,White,149.82
547,Kelli Poole,Male,2024-03-18,Sweater,Leather,Black,16.51
548,Lynn Bauer,Male,2024-06-23,Sweater,Denim,White,34.29
549,Misty Evans,Male,2024-07-18,Shirt,Leather,White,106.55
550,John Cole,Female,2024-06-09,Jeans,Leather,Blue,115.66
551,Ashley Johnson,Male,2024-08-17,Skirt,Silk,Blue,74.58
552,Austin Gonzalez,Female,2024-07-05,T-Shirt,Cotton,Black,22.95
553,Brian Rosales,Female,2024-08-23,Dress,Linen,Purple,83.46
554,Mr. Timothy Green,Female,2024-08-20,Sweater,Silk,Red,33.04
555,Zachary Walker,Female,2024-05-28,Dress,Silk,Black,42.92
556,Jodi Jackson,Male,2024-05-16,Dress,Silk,Green,45.65
557,Ronald Walker,Female,2024-08-20,Shorts,Cotton,Black,37.82
558,Jerry Bennett,Male,2024-01-25,Dress,Silk,Black,57.73
559,Shane Baker,Male,2024-04-04,Sweater,Leather,Green,20.75
560,Mary Edwards,Male,2024-04-13,Shorts,Linen,Blue,39.63
561,Pamela Watson,Female,2024-03-05,Skirt,Cotton,Yellow,51.56
562,Bobby Petty,Male,2024-07-20,Jeans,Wool,Black,92.74
563,Garrett Jimenez,Male,2024-03-06,T-Shirt,Linen,White,73.39
564,Debra Quinn,Male,2024-09-17,Skirt,Denim,Yellow,92.77
565,Robin Holland,Female,2024-06-15,T-Shirt,Cotton,Blue,40.5
566,Dr. Peter Richards MD,Male,2024-08-08,Jeans,Polyester,White,82.45
567,Joseph Curry,Male,2024-06-12,Shirt,Polyester,Blue,146.77
568,David Wolf,Male,2024-08-10,Skirt,Wool,Red,133.63
569,Melissa King,Male,2024-07-25,Dress,Polyester,Blue,147.31
570,Rebecca Adams,Male,2024-09-10,Shorts,Polyester,Black,68.08
571,Debbie Stewart,Male,2024-07-20,Skirt,Wool,Purple,135.19
572,John Nguyen,Male,2024-01-21,Jeans,Polyester,Red,127.81
573,Mindy Peterson,Male,2024-09-07,Jacket,Polyester,Red,115.45
574,Zachary Jackson,Male,2024-03-07,Shorts,Leather,Black,122.14
575,Alexis Hernandez,Female,2024-01-05,Jeans,Wool,White,40.73
576,Matthew Finley,Male,2024-08-05,Shirt,Wool,Red,112.78
577,Eric Zamora,Male,2024-09-21,Shorts,Denim,Yellow,19.34
578,Carol Lopez,Female,2024-05-17,T-Shirt,Polyester,White,22.92
579,Debra Wilson,Male,2024-06-13,Sweater,Polyester,Black,94.71
580,Glen Ward,Male,2024-04-03,Shirt,Silk,Pink,20.76
581,Jeffery Ortega,Male,2024-06-13,Shirt,Polyester,Red,10.76
582,Angela Walker,Female,2024-06-20,Jeans,Denim,Yellow,125.16
583,Richard Ball,Female,2024-01-14,Jacket,Polyester,Blue,23.46
584,Andrew Horton,Female,2024-01-03,T-Shirt,Leather,White,66.12
585,Bruce Ware,Female,2024-04-03,Jacket,Linen,Yellow,30.44
586,Michelle Baldwin,Female,2024-06-08,Shirt,Wool,Purple,114.76
587,Raymond Miller,Female,2024-03-07,Skirt,Polyester,Purple,12.81
588,Veronica Cruz,Male,2024-05-18,Dress,Wool,Black,21.22
589,Dana Miller,Male,2024-07-16,Dress,Leather,Yellow,40.99
590,Danielle Harrison,Female,2024-07-06,Jacket,Wool,Black,34.14
591,Robert King,Female,2024-02-24,T-Shirt,Silk,Red,119.85
592,Keith Anderson,Female,2024-07-07,Jeans,Denim,White,82.24
593,Christina Brewer,Male,2024-03-10,Shorts,Denim,Yellow,101.69
594,Laurie Hopkins,Male,2024-06-25,Shirt,Wool,Red,123.8
595,Angela Carroll,Male,2024-07-19,Skirt,Polyester,Black,89.07
596,Rachel Carroll,Male,2024-02-16,Skirt,Cotton,Red,102.14
597,Scott Hughes,Female,2024-10-04,Skirt,Cotton,White,53.32
598,Tim Hinton,Female,2024-01-26,Dress,Wool,Purple,109.64
599,Timothy Miller,Female,2024-03-23,Jeans,Linen,Red,107.92
600,Cynthia Brooks,Male,2024-08-04,Shirt,Wool,White,90.94
601,Ryan Smith,Female,2024-01-20,Jeans,Wool,Yellow,53.01
602,Roberto Jordan,Male,2024-05-01,Dress,Wool,Yellow,140.37
603,Chad Haney,Female,2024-08-09,Jeans,Silk,Purple,136.6
604,Pamela Coleman,Female,2024-06-16,Jeans,Wool,White,99.25
605,Joseph Dean,Male,2024-08-15,Dress,Linen,Red,66.89
606,Joseph Stewart,Male,2024-04-04,Dress,Cotton,Blue,96.79
607,Melanie Curtis,Female,2024-07-09,Shirt,Silk,White,101.34
608,Summer Ramirez,Male,2024-08-12,Shirt,Leather,Yellow,116.38
609,Jessica Buckley,Female,2024-09-05,T-Shirt,Cotton,Yellow,124.3
610,Jeffrey Foster,Male,2024-08-05,Shirt,Polyester,Pink,40.75
611,Mr. Michael Sanders,Male,2024-05-25,Jeans,Wool,Black,38.25
612,Emily Bryant,Female,2024-04-15,T-Shirt,Wool,Yellow,62.23
613,James Hunter,Female,2024-05-22,Sweater,Linen,Yellow,20.54
614,Ashley Kim,Male,2024-05-14,Jacket,Polyester,Pink,66.78
615,Jason Smith,Female,2024-09-24,T-Shirt,Wool,Black,134.32
616,Mark Cook,Female,2024-09-30,T-Shirt,Silk,Pink,133.55
617,Mark Kelley,Male,2024-02-26,Skirt,Linen,Black,100.11
618,Cesar Orozco,Male,2024-01-27,Jacket,Silk,Purple,49.18
619,Robert Kelly,Male,2024-03-26,Dress,Leather,Green,113.8
620,Briana Franco,Female,2024-01-20,Shorts,Denim,White,59.63
621,Leslie Brown,Female,2024-07-06,Sweater,Linen,Yellow,86.12
622,Cheryl Reed,Female,2024-02-14,T-Shirt,Linen,Blue,45.53
623,Joel Murphy,Female,2024-07-25,T-Shirt,Silk,Blue,20.79
624,Shane Shea,Male,2024-10-01,Sweater,Silk,Green,61.03
625,Kristen Beck,Male,2024-07-23,Sweater,Cotton,Purple,136.03
626,Lisa Wright,Male,2024-05-16,Shorts,Wool,White,142.63
627,Jon Goodwin,Male,2024-03-19,Shirt,Wool,Pink,146.66
628,Stephen Mendez,Female,2024-06-03,Shirt,Leather,Purple,134.17
629,Nicole Olson,Male,2024-06-02,Sweater,Cotton,Blue,37.9
630,Laura Henderson,Female,2024-04-13,T-Shirt,Silk,Purple,139.54
631,Michael Guzman,Male,2024-06-01,Jacket,Leather,Blue,21.41
632,Robert Coleman,Female,2024-01-15,Sweater,Wool,Blue,64.41
633,Alexander Dean,Male,2024-04-11,Sweater,Leather,Red,60.87
634,Janet Cox,Female,2024-07-17,Jacket,Polyester,Black,10.8
635,Carlos Davis,Male,2024-05-14,Dress,Denim,White,129.73
636,Tracy Burnett,Male,2024-01-16,Jeans,Polyester,Red,19.61
637,Jose Ramos,Female,2024-04-02,Jeans,Polyester,Blue,18.25
638,Jason Brown,Female,2024-06-23,Sweater,Cotton,Blue,66.8
639,Cynthia Welch,Male,2024-02-24,Shirt,Cotton,Purple,118.28
640,Charles Jenkins,Male,2024-05-12,Jeans,Leather,Blue,107.46
641,April Dunlap,Male,2024-01-14,Skirt,Leather,Yellow,28.65
642,Thomas Stephenson,Male,2024-04-23,Jeans,Denim,Red,129.16
643,Barbara Nelson,Male,2024-05-18,Jacket,Leather,Red,148.66
644,Angela Jackson,Female,2024-06-04,Shorts,Polyester,Yellow,114.17
645,Derek Gomez,Male,2024-06-05,Jeans,Cotton,Green,67.87
646,Paul Ross,Male,2024-08-04,Skirt,Linen,Red,130.73
647,Cassandra Montgomery,Male,2024-08-04,Dress,Linen,Red,48.51
648,Dawn Gibson,Male,2024-09-03,T-Shirt,Denim,Yellow,49.51
649,Michael Hicks,Female,2024-07-27,Dress,Leather,White,94.44
650,Brent Meza,Female,2024-05-21,Shirt,Cotton,Blue,126.55
651,Stephanie White,Male,2024-09-21,Dress,Cotton,White,131.31
652,Brittany Henderson,Male,2024-05-12,Jacket,Leather,Green,85.87
653,Michael Jackson,Male,2024-05-30,Shirt,Denim,Yellow,107.71
654,Elizabeth Martinez,Female,2024-03-20,T-Shirt,Wool,Green,119.87
655,Nicole Chambers,Male,2024-06-02,Jeans,Linen,Red,34.51
656,Mark Maxwell,Male,2024-06-24,Jeans,Silk,White,71.73
657,Amanda Brown,Male,2024-08-26,Jacket,Wool,White,125.19
658,Chelsea Griffin,Female,2024-04-06,Shirt,Cotton,Black,31.46
659,Jamie Solis,Female,2024-01-22,Sweater,Polyester,Pink,128.42
660,Derek Gilbert,Female,2024-07-22,Jeans,Wool,Purple,78.87
661,Jacqueline Little,Male,2024-08-04,Dress,Wool,Green,88.21
662,Shelley Miller,Male,2024-02-16,Jacket,Wool,Purple,81.11
663,Evan Cook,Male,2024-04-29,Jacket,Polyester,White,38.14
664,Leslie Alvarado,Male,2024-10-06,Jeans,Leather,Red,115.59
665,Emily Turner,Female,2024-06-26,Sweater,Denim,White,146.91
666,Joshua Whitehead,Male,2024-09-20,Shirt,Denim,Blue,40.58
667,Isaac Hanson,Female,2024-03-27,Jacket,Wool,Purple,32.28
668,Erik Mayo,Female,2024-09-17,Shorts,Wool,Purple,93.64
669,Marie Allen,Female,2024-02-25,Skirt,Cotton,Blue,148.11
670,Mrs. Teresa Sanchez MD,Female,2024-08-13,Jacket,Linen,Black,48.03
671,Jessica Carr,Male,2024-08-12,Shirt,Wool,Pink,110.48
672,Michelle Mccall,Male,2024-01-29,Jeans,Cotton,Red,42.25
673,Teresa Jones,Male,2024-04-18,Shorts,Cotton,Pink,115.65
674,Jonathan Manning,Male,2024-05-14,Shorts,Wool,Blue,26.61
675,Mr. Robert Mason MD,Female,2024-06-28,Jacket,Denim,Green,132.27
676,David Jones,Male,2024-05-27,Jacket,Polyester,Green,20.82
677,Kirk Vega,Female,2024-06-05,Sweater,Wool,Red,52.5
678,Jessica Davis,Female,2024-04-20,Dress,Linen,Pink,147.33
679,Ellen Sanders,Male,2024-08-19,T-Shirt,Wool,Blue,137.89
680,Lori Rodriguez,Male,2024-07-20,Sweater,Silk,Black,125.22
681,Cristina Davis,Male,2024-06-19,Jeans,Linen,Yellow,102.52
682,Richard King,Female,2024-09-15,Sweater,Leather,Pink,90.28
683,Jacqueline Jones,Male,2024-09-06,Sweater,Linen,Blue,78.08
684,Erika Olson,Female,2024-06-25,Shorts,Wool,Blue,93.46
685,Laurie Morales,Female,2024-05-10,T-Shirt,Silk,Pink,68.82
686,Chelsea Hall,Male,2024-09-22,Dress,Silk,Blue,135.78
687,Joshua Spencer,Female,2024-08-27,Shirt,Linen,Blue,29.2
688,John Ramirez,Female,2024-07-14,Jeans,Linen,Purple,131.56
689,David Williams,Male,2024-08-11,T-Shirt,Leather,Black,121.86
690,Joseph Davis,Female,2024-07-21,Dress,Cotton,Yellow,30.46
691,Michelle Skinner,Female,2024-02-07,Jacket,Polyester,Red,68.09
692,Olivia King,Female,2024-02-18,Sweater,Wool,Green,97.07
693,Carrie Dennis,Male,2024-08-14,Shorts,Linen,Pink,127.61
694,Karen Gates,Male,2024-04-14,Dress,Leather,Blue,33.45
695,Gina Wolf,Male,2024-10-03,T-Shirt,Polyester,Black,79.62
696,Marcus Alvarez,Female,2024-04-06,T-Shirt,Polyester,Black,91.38
697,Amber Reynolds,Male,2024-08-08,Sweater,Denim,Blue,29.54
698,Lindsay Johnson,Female,2024-02-28,T-Shirt,Denim,Green,74.04
699,Jacob Singh,Male,2024-03-25,Dress,Silk,Green,58.5
700,Michael Morales,Female,2024-03-13,Shorts,Linen,Pink,136.18
701,Joshua Hughes,Female,2024-09-14,T-Shirt,Polyester,Yellow,56.22
702,Heather Kennedy,Male,2024-04-22,Shorts,Denim,Black,101.15
703,Stephanie Watson,Male,2024-02-01,Sweater,Wool,Yellow,103.59
704,Collin Ruiz,Male,2024-08-17,Shirt,Silk,Black,19.97
705,Cheryl Payne,Female,2024-08-12,T-Shirt,Polyester,Blue,86.85
706,Shannon Wilson,Female,2024-05-08,Jeans,Silk,Purple,46.23
707,Amanda Martinez,Female,2024-02-15,Jeans,Cotton,Pink,123.31
708,Rebecca Peters,Male,2024-08-01,Dress,Cotton,White,111.39
709,Robert Rodriguez,Male,2024-07-24,Skirt,Cotton,White,28.74
710,Frances Weiss,Female,2024-06-18,Jacket,Wool,Black,75.18
711,Catherine Lane,Male,2024-06-25,Dress,Denim,White,14.86
712,Matthew Salazar,Female,2024-03-09,Jeans,Leather,Blue,76.52
713,Mario Monroe,Male,2024-08-11,T-Shirt,Wool,Purple,29.5
714,Megan Dawson,Male,2024-07-06,Jacket,Linen,Black,76.32
715,Patricia Moreno,Male,2024-01-15,Sweater,Wool,Purple,104.71
716,James Gray,Male,2024-06-17,T-Shirt,Cotton,Purple,53.07
717,Danielle Swanson,Male,2024-03-16,Dress,Polyester,Green,136.45
718,Dr. Joshua Wilson MD,Male,2024-05-01,Shirt,Wool,White,20.94
719,Sherry Miller,Male,2024-05-23,Skirt,Silk,White,28.54
720,Debbie Love,Male,2024-01-05,Jacket,Wool,White,72.87
721,John Schmitt,Male,2024-07-06,Jacket,Linen,Yellow,48.23
722,Sarah Bailey,Male,2024-07-01,Jacket,Leather,Purple,146.29
723,Courtney Baker,Female,2024-01-12,Shorts,Denim,Pink,40.47
724,Jordan Cooper,Male,2024-05-10,Dress,Denim,Green,17.51
725,Kyle Harrison,Female,2024-07-24,Jeans,Wool,Purple,94.14
726,Daniel Hicks,Female,2024-08-22,Skirt,Linen,Black,65.47
727,Elizabeth Spencer,Female,2024-01-09,Skirt,Wool,Black,61.6
728,Douglas Moore,Male,2024-08-30,T-Shirt,Linen,Purple,60.47
729,Stacy Miller,Female,2024-08-22,Shirt,Wool,Purple,120.57
730,Christian Hodge,Female,2024-09-03,T-Shirt,Leather,Yellow,85.52
731,Jennifer James,Female,2024-08-07,Sweater,Polyester,Pink,67.73
732,Jordan Cannon,Female,2024-09-05,Sweater,Linen,Yellow,15.02
733,Kimberly Reed,Female,2024-06-21,Dress,Denim,Purple,67.66
734,Veronica Sanders,Female,2024-01-13,T-Shirt,Cotton,Purple,142.44
735,Gary Martin,Male,2024-06-10,Dress,Polyester,Yellow,86.91
736,Lauren Scott,Male,2024-01-11,Skirt,Denim,Green,144.74
737,William Atkins,Male,2024-07-16,Jeans,Cotton,Purple,83.71
738,Alyssa Mason,Female,2024-05-04,Shorts,Leather,Yellow,90.25
739,Michael Ball,Male,2024-02-23,Jeans,Linen,Pink,59.15
740,Jared Stone,Female,2024-06-18,Skirt,Denim,White,14.2
741,April Randolph,Male,2024-09-03,Skirt,Leather,Purple,93.52
742,Benjamin Russo,Female,2024-05-29,Shorts,Linen,White,118.2
743,Miguel Allen,Female,2024-07-06,Dress,Denim,White,110.44
744,Jason Stone,Female,2024-06-16,Shorts,Polyester,Red,140.14
745,Stephanie Huffman,Female,2024-07-18,Dress,Linen,Red,77.56
746,Jennifer Alvarez,Male,2024-02-04,Dress,Denim,Pink,80.69
747,Douglas Proctor,Female,2024-05-31,Shirt,Wool,Green,112.13
748,David Walton PhD,Female,2024-07-01,Jacket,Silk,Purple,104.01
749,Philip Patel,Female,2024-04-07,Skirt,Wool,Blue,25.26
750,Emily Fisher,Female,2024-03-27,Sweater,Wool,Black,64.37
751,Mr. Ross Bishop,Male,2024-02-28,Jeans,Denim,Purple,97.26
752,Russell Young,Male,2024-04-16,Jacket,Polyester,Red,12.26
753,Laura Vance,Female,2024-03-03,Shirt,Wool,Black,92.87
754,Cheryl May,Female,2024-09-28,Shorts,Wool,Green,33.25
755,Dr. Steve Jarvis DDS,Female,2024-08-06,Shirt,Leather,White,97.51
756,Curtis Phillips,Female,2024-03-09,T-Shirt,Linen,Green,61.16
757,Joseph White,Male,2024-03-05,Sweater,Wool,Yellow,32.96
758,Laura Austin,Male,2024-06-06,Shorts,Denim,Black,143.95
759,Matthew Robinson,Male,2024-02-05,Jeans,Denim,Black,11.56
760,Jordan Hicks,Female,2024-04-24,T-Shirt,Silk,Blue,59.97
761,John Bruce,Female,2024-10-06,T-Shirt,Silk,White,78.26
762,Angel Conley,Male,2024-07-05,Dress,Denim,Pink,50.37
763,Ashley Jensen,Female,2024-08-11,Skirt,Silk,Green,79.84
764,Lisa Williams,Male,2024-05-14,Shorts,Polyester,Green,72.31
765,Christopher Dennis,Female,2024-06-08,Dress,Wool,Yellow,26.97
766,Todd Williams,Female,2024-01-17,Dress,Denim,Purple,120.13
767,Jacqueline Nelson,Female,2024-08-10,Skirt,Silk,Purple,111.98
768,Michelle Johnson,Male,2024-03-16,Shorts,Denim,Black,89.01
769,Megan Howard,Female,2024-07-01,Dress,Wool,Pink,29.12
770,Christopher Garcia,Female,2024-05-03,T-Shirt,Leather,Yellow,119.17
771,Lisa Pearson,Male,2024-04-30,Jeans,Leather,Red,29.27
772,Donna Castro,Male,2024-09-10,Shorts,Wool,Pink,145.21
773,Lindsay Wolfe,Male,2024-09-13,Jacket,Denim,Yellow,44.37
774,Stephanie Obrien,Male,2024-03-20,T-Shirt,Silk,Black,112.66
775,Catherine Baker,Male,2024-09-27,Dress,Wool,Green,132.44
776,Thomas Mitchell,Female,2024-03-16,Jacket,Denim,Green,36.15
777,Miguel Ingram,Male,2024-09-23,Shirt,Leather,Yellow,52.11
778,Bianca Castro,Female,2024-07-04,Shorts,Polyester,White,89.21
779,Teresa Farmer,Female,2024-01-04,Shorts,Cotton,Blue,57.88
780,Jacqueline Dawson,Male,2024-08-20,Skirt,Cotton,Green,121.56
781,Pamela Watson,Female,2024-03-19,Jeans,Polyester,Green,86.8
782,Taylor Johnston MD,Female,2024-07-19,Shorts,Denim,White,136.06
783,Phillip Shelton Jr.,Male,2024-03-31,Shirt,Denim,Blue,71.1
784,Margaret Richard,Male,2024-04-21,Sweater,Denim,White,147.32
785,Nancy Gill,Female,2024-09-25,T-Shirt,Cotton,Purple,147.23
786,Juan Montgomery,Male,2024-09-30,Shorts,Wool,White,126.02
787,Robert Mitchell,Female,2024-08-18,Jacket,Cotton,Pink,104.41
788,Janice Valenzuela,Male,2024-03-15,Sweater,Denim,Green,62.87
789,David Hernandez,Female,2024-08-26,Jacket,Silk,White,67.82
790,Daniel Jones,Female,2024-06-16,Jacket,Cotton,Yellow,17.88
791,Brittany Powell,Female,2024-09-14,Shirt,Denim,Green,34.74
792,Bianca Fowler,Male,2024-08-17,Shirt,Polyester,Blue,75.8
793,David Wilson,Female,2024-05-08,Sweater,Denim,Yellow,31.15
794,Erin Skinner MD,Female,2024-02-21,Sweater,Denim,Red,19.94
795,Jordan Bridges,Male,2024-04-05,Dress,Wool,Black,102.33
796,Miguel Olson,Male,2024-06-04,Skirt,Leather,Yellow,89.27
797,Elizabeth Rocha,Female,2024-07-23,Dress,Leather,Green,64.24
798,Daniel Tucker,Female,2024-09-05,Shirt,Linen,Red,103.07
799,Margaret Anderson,Female,2024-09-17,Dress,Linen,Black,61.82
800,George Smith,Male,2024-06-28,Shorts,Cotton,Blue,90.53
801,Katherine Maxwell,Male,2024-08-05,Shirt,Polyester,Blue,92.02
802,Stacy Simpson,Male,2024-07-01,Dress,Wool,Pink,46.18
803,Heidi Davis,Male,2024-09-26,Shirt,Polyester,Green,71.42
804,Lori Davis,Female,2024-03-12,Sweater,Leather,Green,139.28
805,Jeremy Mccoy,Female,2024-02-27,Jeans,Wool,White,127.65
806,Tammy Jackson,Female,2024-02-05,Sweater,Denim,Yellow,59.37
807,Faith Rodriguez,Female,2024-02-15,Sweater,Linen,Black,36.41
808,Kenneth Wiley,Female,2024-04-04,Dress,Linen,White,51.34
809,Lauren Brown,Male,2024-05-05,T-Shirt,Leather,Green,56.5
810,Laurie Johnson,Female,2024-06-22,Dress,Polyester,Blue,126.81
811,Sarah Wolf,Female,2024-02-12,Dress,Silk,Purple,30.66
812,William Jones,Male,2024-02-05,Jacket,Denim,White,64.09
813,Charles Goodman,Male,2024-07-23,Jacket,Silk,Purple,22.19
814,Brandon Hammond,Male,2024-01-09,Dress,Cotton,Pink,125.04
815,Tracey Hamilton,Female,2024-04-02,T-Shirt,Silk,Purple,81.27
816,Mrs. Olivia Glover,Female,2024-06-07,Jacket,Denim,Purple,26.97
817,Ellen Riley,Male,2024-09-17,Dress,Wool,Purple,40.49
818,Roberto Padilla,Male,2024-03-02,Dress,Denim,White,102.28
819,Susan Reid,Female,2024-07-28,Skirt,Wool,Red,16.78
820,Benjamin Rodriguez,Male,2024-07-24,Shorts,Cotton,Green,58.81
821,Lindsay Reese,Female,2024-10-03,Dress,Linen,Pink,71.32
822,Michael Oneill,Female,2024-05-19,Dress,Wool,Blue,75.61
823,Eric Galloway,Male,2024-06-05,Shorts,Polyester,Red,18.85
824,Rodney Rivas,Male,2024-08-26,T-Shirt,Polyester,Yellow,104.98
825,Anthony Payne,Female,2024-01-22,Skirt,Polyester,White,24.98
826,Brooke Bradford,Male,2024-05-08,Shirt,Silk,Yellow,59.33
827,Michelle Walker,Male,2024-02-09,Skirt,Cotton,Blue,79.11
828,Johnathan Lyons,Female,2024-09-30,Dress,Linen,Green,140.44
829,Morgan Hall,Female,2024-08-12,Shirt,Silk,Pink,116.43
830,Kendra Rosario,Female,2024-06-03,Shirt,Wool,Black,54.58
831,Lori Richard,Male,2024-08-05,Dress,Leather,Yellow,33.98
832,Daniel Ramos,Female,2024-09-25,Jacket,Cotton,Red,45.68
833,Justin Snyder,Male,2024-07-30,T-Shirt,Silk,Blue,126.54
834,Jacob Morrison,Male,2024-04-02,Jeans,Cotton,Blue,50.04
835,Luke Rice,Male,2024-01-05,Shorts,Cotton,Blue,38.72
836,Heather Jones,Female,2024-02-06,Shorts,Silk,Black,97.07
837,Hayley Ford,Female,2024-03-20,Jacket,Wool,Red,42.82
838,Austin Bryant,Female,2024-03-21,Shorts,Polyester,Blue,140.2
839,Carly Reynolds,Male,2024-04-08,Dress,Linen,Red,71.48
840,Benjamin Pennington,Male,2024-06-15,Dress,Polyester,Black,93.26
841,Kyle Jenkins,Male,2024-09-14,Shirt,Cotton,Purple,65.5
842,Matthew Jones,Male,2024-03-03,Dress,Polyester,Yellow,114.45
843,Joel Newton,Female,2024-02-03,Shorts,Silk,White,135.28
844,Anthony Walter,Female,2024-09-01,Dress,Denim,Red,96.02
845,Katie Stewart,Female,2024-03-15,T-Shirt,Silk,Green,104.66
846,Dana Wells,Male,2024-02-24,Skirt,Denim,Purple,48.98
847,Peter Anderson,Male,2024-01-15,Jacket,Polyester,Green,101.75
848,James Matthews,Female,2024-02-02,Dress,Leather,Yellow,50.04
849,Christopher Baker,Female,2024-09-03,T-Shirt,Denim,Green,48.93
850,Antonio Gregory,Female,2024-04-29,Jacket,Linen,Purple,122.39
851,Stacy Howard,Male,2024-07-04,Jacket,Denim,Yellow,14.79
852,Tracy Mueller,Female,2024-07-09,Sweater,Polyester,White,117.23
853,Joseph Roach,Female,2024-01-30,Shirt,Linen,Blue,56.37
854,Marcus Aguilar,Female,2024-03-26,T-Shirt,Polyester,White,91.7
855,Whitney Clark,Female,2024-06-22,Shorts,Cotton,Purple,18.56
856,Jasmine Nielsen,Male,2024-09-18,Jeans,Leather,Yellow,134.26
857,Gerald Brooks,Male,2024-03-02,Dress,Cotton,Pink,142.26
858,Elizabeth Santos,Female,2024-07-06,Sweater,Linen,Black,25.08
859,Amy Gonzalez,Male,2024-01-14,Sweater,Polyester,Blue,50.07
860,Ashley Ramirez,Male,2024-03-21,Shorts,Silk,Pink,62.57
861,Matthew Pratt,Female,2024-09-07,T-Shirt,Linen,Red,99.41
862,Danny Eaton,Female,2024-01-22,Jeans,Polyester,Purple,143.66
863,Travis Montoya III,Male,2024-03-02,Dress,Leather,Yellow,100.56
864,Richard Dean,Male,2024-09-03,Jeans,Silk,Yellow,24.13
865,Robert Evans,Female,2024-01-14,Skirt,Cotton,Green,34.58
866,Lance Jensen,Female,2024-02-16,Dress,Cotton,Purple,27.71
867,Brandy Haynes,Female,2024-07-01,T-Shirt,Polyester,Black,109.34
868,Wanda Murphy,Male,2024-05-28,Skirt,Polyester,Purple,61.17
869,Amy Terry,Male,2024-05-23,Skirt,Silk,Yellow,26.93
870,Eric Huynh,Female,2024-06-27,Skirt,Polyester,Green,23.77
871,Corey Williams,Female,2024-05-16,Jeans,Wool,Yellow,126.5
872,Samantha Lewis,Male,2024-02-13,Jeans,Polyester,Purple,63.45
873,Steven Carter,Male,2024-07-24,T-Shirt,Denim,Purple,27.62
874,Christopher Snow,Male,2024-08-25,Dress,Linen,Pink,104.86
875,Tiffany Smith,Male,2024-08-07,Shorts,Wool,Pink,87.97
876,Glen Adams,Female,2024-05-05,Shorts,Silk,Blue,40.7
877,Kevin Bartlett,Female,2024-05-19,Skirt,Denim,White,131.33
878,Jason Santana,Male,2024-03-31,Jeans,Polyester,Blue,40.6
879,Jesse Robinson,Male,2024-04-07,Sweater,Cotton,White,19.11
880,Rachel Fox,Female,2024-08-26,T-Shirt,Linen,Pink,86.42
881,Billy Lynn,Male,2024-09-08,Shorts,Linen,Blue,36.8
882,Mathew Ruiz,Female,2024-03-15,T-Shirt,Silk,White,114.12
883,Amanda Martinez,Male,2024-06-23,Jacket,Cotton,Blue,102.08
884,Richard Fowler,Male,2024-09-21,T-Shirt,Silk,Blue,120.24
885,Andrea Andrade,Female,2024-08-25,Dress,Denim,Red,125.28
886,Brian Malone,Male,2024-09-01,T-Shirt,Wool,Pink,79.14
887,James Moore,Male,2024-03-14,T-Shirt,Linen,Yellow,19.64
888,Elizabeth Murphy,Female,2024-06-20,Skirt,Denim,White,91.83
889,Robert Jacobson,Male,2024-03-10,Shorts,Cotton,Red,57.8
890,Whitney Jones,Male,2024-04-27,Skirt,Polyester,Red,145.02
891,Ernest Chen,Male,2024-02-03,Shirt,Silk,White,144.04
892,Debra Garza,Male,2024-02-04,Shorts,Denim,Green,20.85
893,David Lewis,Male,2024-03-29,Jacket,Wool,Blue,61.08
894,Breanna Sloan,Male,2024-04-15,T-Shirt,Polyester,Pink,42.36
895,Carlos Hopkins,Male,2024-04-06,Skirt,Polyester,Green,38.31
896,Eric Anderson,Male,2024-04-27,Sweater,Cotton,Red,137.03
897,Veronica Mcmahon,Male,2024-01-29,Skirt,Silk,Pink,145.77
898,Timothy Davis,Male,2024-06-09,Shirt,Cotton,Purple,148.54
899,Frank Williams,Female,2024-09-06,Jeans,Wool,White,96.41
900,Dean Cox,Male,2024-08-11,Shorts,Linen,Red,15.58
901,Richard Yu,Female,2024-06-16,Jacket,Linen,Pink,113.39
902,Amy Russell,Male,2024-07-23,Shirt,Cotton,Pink,81.5
903,Amber White,Male,2024-08-30,Jacket,Polyester,Pink,31.92
904,Jacqueline Cannon,Male,2024-05-13,Jeans,Polyester,Green,106.62
905,Stephen Fry,Female,2024-07-11,Dress,Cotton,Black,130.34
906,David Hampton,Male,2024-06-30,Shirt,Silk,Red,30.89
907,Kyle Mcmillan,Male,2024-06-08,Shirt,Silk,Purple,84.86
908,Alexander Wright,Female,2024-08-22,Jeans,Linen,Purple,81.94
909,Patricia Webster,Male,2024-08-19,Shirt,Wool,White,117.38
910,Nina Robertson,Male,2024-09-19,Shorts,Linen,Yellow,127.03
911,Courtney Dominguez,Male,2024-04-09,Skirt,Polyester,Purple,100.72
912,Mr. Andrew Gray,Female,2024-03-31,Sweater,Leather,Green,24.36
913,Theresa Barry,Male,2024-09-06,Shirt,Denim,Black,38.12
914,Stacy Davis,Male,2024-01-01,Sweater,Wool,Yellow,145.0
915,Dr. Natalie Mcdowell,Male,2024-08-07,Dress,Cotton,White,70.03
916,Lori Garcia,Male,2024-07-26,Skirt,Polyester,Black,85.28
917,Kevin Wilson,Female,2024-09-30,Shorts,Denim,Blue,104.42
918,Christopher Gardner,Male,2024-02-05,Shirt,Denim,Yellow,136.02
919,Laura Johnson,Female,2024-07-17,Shorts,Wool,Purple,17.08
920,Kyle Hernandez,Female,2024-02-26,Jacket,Linen,Black,146.32
921,Matthew Scott,Female,2024-08-13,T-Shirt,Polyester,Black,68.76
922,Kayla Green,Female,2024-07-03,Shorts,Leather,Yellow,145.08
923,Dr. Michael Lopez DDS,Male,2024-03-19,Shirt,Linen,Purple,44.67
924,Randall Cochran,Male,2024-04-30,Dress,Wool,White,75.49
925,James Becker,Male,2024-02-09,Shirt,Cotton,Yellow,103.41
926,Anthony Leonard,Female,2024-08-01,Shorts,Wool,Blue,77.21
927,Kelly King,Male,2024-06-21,Shirt,Denim,Red,128.45
928,Emily Riggs,Female,2024-09-29,Shorts,Denim,Black,134.77
929,Amanda Baird,Female,2024-07-16,Skirt,Polyester,Pink,144.98
930,Paul Moses,Female,2024-06-23,Shorts,Cotton,Red,44.2
931,Ashley Anderson,Female,2024-08-12,Jeans,Linen,Pink,146.17
932,Rebecca Terrell,Male,2024-01-17,Shorts,Denim,Blue,101.88
933,Anna Brown,Male,2024-04-02,Skirt,Linen,Blue,105.56
934,Madeline Johnson,Male,2024-03-20,Sweater,Denim,Yellow,126.68
935,Brittany Flynn,Male,2024-08-13,Skirt,Polyester,White,48.38
936,Jared Vazquez,Female,2024-09-29,T-Shirt,Wool,Red,76.38
937,Tammy Payne,Male,2024-04-15,T-Shirt,Polyester,Yellow,26.89
938,Dennis Rhodes,Female,2024-06-10,Jacket,Wool,Black,133.03
939,Sherry Mcgrath,Male,2024-01-31,Sweater,Linen,White,102.52
940,Brian Salinas,Female,2024-03-25,T-Shirt,Wool,Red,113.64
941,Jeffrey Hicks,Male,2024-09-23,Jacket,Wool,Red,103.42
942,Brittany Beck,Male,2024-02-18,Jeans,Denim,Green,115.61
943,Rachel Campbell,Female,2024-01-25,T-Shirt,Denim,Blue,45.98
944,Christopher Evans,Female,2024-06-04,Shorts,Wool,Yellow,107.53
945,Logan Delgado,Male,2024-03-11,Sweater,Silk,Yellow,112.99
946,Mary Cook,Female,2024-09-12,Jacket,Cotton,Blue,65.71
947,Audrey Collins,Male,2024-05-28,T-Shirt,Wool,Green,97.63
948,Greg Lutz,Female,2024-01-10,Dress,Polyester,Red,140.36
949,Peter Quinn,Male,2024-09-25,Jacket,Wool,Blue,46.02
950,Robert Black,Male,2024-01-31,T-Shirt,Silk,Green,110.43
951,Tony Morales,Male,2024-08-07,Jacket,Silk,Purple,130.99
952,Allen Davis,Female,2024-09-03,T-Shirt,Silk,Red,78.55
953,Ashley Vincent,Male,2024-05-31,Skirt,Leather,Pink,47.98
954,Jeremy Cole,Male,2024-06-11,Shirt,Cotton,Pink,120.24
955,Robin Schultz,Male,2024-09-07,Shorts,Wool,Pink,38.42
956,Kathleen Gill,Male,2024-06-14,Shorts,Leather,Purple,119.21
957,Eric Johnson,Female,2024-03-19,Shorts,Cotton,Purple,65.27
958,Daniel Mendez,Female,2024-04-23,Jacket,Cotton,Green,60.06
959,Johnathan Webb,Female,2024-09-11,Jacket,Leather,Yellow,73.52
960,David Powers,Female,2024-08-11,Dress,Linen,Red,76.13
961,Brandon Koch,Female,2024-07-28,Sweater,Silk,Red,123.51
962,Kristin Murphy,Male,2024-02-18,Dress,Cotton,White,148.82
963,Samantha Ross,Male,2024-09-06,Shorts,Leather,Green,13.53
964,Ashley Tran,Male,2024-06-21,Dress,Leather,Red,82.64
965,Michael Sanders,Male,2024-05-12,Skirt,Polyester,White,29.4
966,Daniel Mitchell,Female,2024-08-06,Dress,Wool,Green,39.87
967,Wendy Johnson,Male,2024-08-10,Shorts,Silk,Yellow,141.87
968,Lindsey Watts,Female,2024-04-07,T-Shirt,Linen,White,102.98
969,Isaac Thomas,Male,2024-08-07,Jacket,Linen,White,30.57
970,Alex Jacobs,Female,2024-01-13,Shorts,Wool,Yellow,76.88
971,Meredith Summers,Male,2024-09-16,Skirt,Denim,Red,125.76
972,Abigail Ortiz,Female,2024-06-04,Shorts,Linen,White,27.04
973,Patrick Bush,Male,2024-03-26,Jeans,Cotton,Green,115.07
974,Lori Crane,Male,2024-07-23,T-Shirt,Silk,Green,148.29
975,Matthew Meyers,Female,2024-05-21,Shirt,Silk,Blue,48.59
976,Phyllis Williams,Female,2024-01-21,Shirt,Linen,Purple,145.15
977,Kathleen Dillon,Male,2024-07-06,Shirt,Wool,Yellow,26.98
978,Heather Gardner,Male,2024-05-14,Jacket,Linen,Pink,139.56
979,Sandra Mcconnell,Male,2024-07-30,Jeans,Wool,Black,99.87
980,Leslie Jennings,Female,2024-04-12,Dress,Silk,Black,73.47
981,Tonya Bell,Male,2024-04-08,Sweater,Leather,Pink,67.47
982,James Peterson,Male,2024-09-01,T-Shirt,Silk,Green,51.44
983,Michael Thomas,Female,2024-05-13,Skirt,Leather,Purple,71.33
984,Jessica Hurst,Male,2024-09-20,Shirt,Polyester,Red,82.06
985,Peter Patel,Male,2024-07-19,Shorts,Polyester,Green,132.45
986,Michael Clark,Female,2024-03-20,Shorts,Linen,Purple,93.21
987,Melissa Simpson,Female,2024-06-23,T-Shirt,Polyester,Red,91.65
988,Dean Riddle,Male,2024-08-09,Jeans,Leather,Red,74.57
989,Heather Taylor,Female,2024-09-20,Skirt,Wool,White,60.03
990,Kevin Lewis,Male,2024-06-01,Shorts,Denim,Red,84.94
991,Lisa Black,Male,2024-09-19,Shorts,Denim,Green,37.49
992,Anthony Sherman,Female,2024-06-10,Jeans,Silk,Green,111.86
993,Justin Smith,Male,2024-09-17,Skirt,Polyester,Red,125.6
994,Adam White,Male,2024-05-02,Dress,Linen,Green,11.65
995,Amanda Turner,Female,2024-09-08,Jeans,Silk,Pink,43.87
996,Jeffrey Bentley,Female,2024-04-07,Jeans,Denim,Yellow,17.74
997,Rachel Hendricks PhD,Female,2024-05-02,Skirt,Silk,Pink,137.51
998,Andrew Logan,Male,2024-07-25,Jacket,Silk,Yellow,11.36
999,Dr. Brooke Vasquez,Male,2024-04-23,Sweater,Linen,Yellow,64.1
1000,Alan Chan,Male,2024-05-13,Jacket,Leather,Pink,122.49
